{"cameraMode":{"drawMode":0,"name":"Shaded","section":"Shading Mode"},"sceneLighting":true,"audioPlay":false,"sceneViewState":{"showFog":true,"showMaterialUpdate":false,"showSkybox":true,"showFlares":true,"showImageEffects":true,"showParticleSystems":true},"in2DMode":false,"pivot":{"x":-151.03890991210938,"y":-142.002197265625,"z":433.98480224609377},"rotation":{"x":-0.16887010633945466,"y":0.18565629422664643,"z":-0.032406553626060489,"w":-0.9674567580223084},"size":438.6820068359375,"orthographic":false}